region,kind,n_synonyms_used,mention_rate,report_rate,mention_minus_report
ACC,cortical,6,0.640495867768595,0.0723140495867768,0.5681818181818182
anterior insula,cortical,4,0.6074380165289256,0.09400826446280991,0.5134297520661157
S1,cortical,5,0.4793388429752066,0.0227272727272727,0.4566115702479339
S2,cortical,4,0.3760330578512397,0.0847107438016528,0.29132231404958686
posterior insula,cortical,2,0.31611570247933884,0.06921487603305784,0.246900826446281
aMCC,cortical,3,0.17768595041322313,0.0764462809917355,0.10123966942148763
Thalamus,subcortical,3,0.7210743801652892,0.0454545454545454,0.6756198347107438
Amygdala,subcortical,5,0.44834710743801653,0.0454545454545454,0.4028925619834711
PAG,subcortical,5,0.3243801652892562,0.0516528925619834,0.27272727272727276
Hypothalamus,subcortical,6,0.16942148760330578,0.0206611570247933,0.14876033057851248
NAc,subcortical,4,0.1487603305785124,0.0330578512396694,0.115702479338843
Parabrachial,subcortical,3,0.045454545454545456,0.0165289256198347,0.028925619834710755
RVM,subcortical,1,0.01859504132231405,0.0289256198347107,-0.01033057851239665
