region,dropped,mention_rate
ACC,anterior cingulate,0.5537190082644629
ACC,anterior cingulate cortex,0.25206611570247933
ACC,anterior cingulate gyrus,0.6322314049586777
ACC,anterior cingulate area,0.640495867768595
ACC,caudal anterior cingulate cortex,0.640495867768595
ACC,cingulate anterior,0.6363636363636364
anterior insula,anterior insula,0.2644628099173554
anterior insula,anterior insular,0.5826446280991735
anterior insula,agranular insular cortex,0.6074380165289256
anterior insula,insula anterior,0.5413223140495868
S1,primary somatosensory,0.44834710743801653
S1,primary somatosensory cortex,0.2975206611570248
S1,primary somatosensory area,0.47520661157024796
S1,postcentral gyrus,0.390495867768595
S1,postcentral,0.4669421487603306
S2,secondary somatosensory,0.3615702479338843
S2,secondary somatosensory cortex,0.1487603305785124
S2,secondary somatosensory area,0.365702479338843
S2,parietal operculum,0.3367768595041322
posterior insula,posterior insula,0.04338842975206612
posterior insula,posterior insular cortex,0.3037190082644628
aMCC,midcingulate,0.13636363636363635
aMCC,midcingulate cortex,0.1115702479338843
aMCC,anterior midcingulate cortex,0.1487603305785124
Thalamus,thalamus,0.2231404958677686
Thalamus,thalamic,0.7045454545454546
Thalamus,dorsal thalamus,0.7210743801652892
PAG,periaqueductal,0.3181818181818182
PAG,periaqueductal gray,0.11776859504132231
PAG,periaqueductal gray matter,0.30165289256198347
PAG,periaqueductal grey,0.2603305785123967
PAG,central gray,0.3243801652892562
Parabrachial,parabrachial,0.030991735537190084
Parabrachial,parabrachial nucleus,0.01859504132231405
Parabrachial,lateral parabrachial nucleus,0.045454545454545456
Hypothalamus,hypothalamus,0.05991735537190083
Hypothalamus,hypothalamic,0.15082644628099173
Hypothalamus,lateral hypothalamus,0.1652892561983471
Hypothalamus,lateral hypothalamic area,0.16942148760330578
Hypothalamus,medial hypothalamus,0.16942148760330578
Hypothalamus,anterior hypothalamus,0.16942148760330578
Amygdala,amygdala,0.028925619834710745
Amygdala,amygdalar,0.44834710743801653
Amygdala,amygdaloid,0.44834710743801653
Amygdala,amygdala central,0.44834710743801653
Amygdala,amygdala basolateral,0.44834710743801653
NAc,nucleus accumbens,0.09090909090909091
NAc,accumbens,0.1446280991735537
NAc,ventral striatum,0.09710743801652892
NAc,striatum ventral,0.1487603305785124
