term,cosine_to_pain
painful,0.5680489540100098
nociceptive,0.4623413681983948
chronic pain,0.44928157329559326
noxious,0.44326043128967285
pain perception,0.4426477551460266
affective,0.37985002994537354
emotional,0.36977288126945496
insula,0.3696303963661194
analgesia,0.36175474524497986
heat,0.35058894753456116
stimulation,0.3454418182373047
experience,0.34357139468193054
ratings,0.3408847749233246
intensity,0.33975571393966675
brain,0.3394988775253296
results,0.33894267678260803
analysis,0.338866651058197
scale,0.33861297369003296
subjective,0.3383568823337555
anterior insula,0.3382415175437927
functional,0.3378559648990631
sensation,0.3378278911113739
one,0.33689308166503906
right,0.3364585340023041
anxiety,0.33582207560539246
