pmid,year
15494184,2004
15652312,2005
15661452,2005
15733635,2005
15734365,2005
15777860,2005
15777865,2005
15808994,2005
15831901,2005
15836975,2005
15850733,2005
15905031,2005
15921935,2005
15978845,2005
16098050,2005
16112876,2005
16140345,2006
16266429,2005
16289801,2005
16330503,2006
16364548,2006
16364549,2006
16368192,2006
16427198,2006
16460960,2006
16517071,2006
16520065,2006
16527493,2006
16679031,2006
16750298,2006
16846694,2006
16861005,2006
16963184,2007
17011704,2007
17055297,2007
17067740,2007
17070996,2007
17079679,2006
17088019,2006
17097306,2007
17138177,2006
17156923,2007
17178235,2007
17336547,2007
17360197,2007
17400480,2007
17407825,2007
17428684,2007
17462845,2007
17512615,2007
17524669,2007
17561345,2008
17570347,2007
17587497,2007
17588777,2007
17610824,2007
17614199,2008
17716820,2008
17869005,2007
17904390,2007
17983481,2007
17996813,2007
17999939,2008
18069004,2008
18091986,2007
18337009,2008
18367333,2008
18374485,2008
18384958,2008
18499479,2008
18502045,2008
18513833,2010
18559294,2008
18562019,2008
18567624,2008
18573266,2008
18582579,2008
18582581,2008
18585060,2008
18614290,2008
18752995,2008
18774224,2008
18804916,2008
18848631,2009
18848998,2009
18930351,2008
18940230,2009
18950528,2008
18980863,2008
19007894,2009
19014532,2008
19015105,2008
19027233,2009
19027763,2009
19030105,2008
19052227,2008
19058914,2009
19061906,2009
19091117,2008
19158297,2009
19159691,2009
19166948,2009
19229326,2009
19362153,2009
19375224,2009
19375510,2009
19376240,2009
19410366,2009
19427842,2009
19439183,2009
19446957,2009
19457385,2009
19460446,2009
19480985,2009
19501656,2009
19501658,2009
19523766,2009
19552302,2008
19663870,2009
19665303,2009
19703572,2010
19706472,2009
19709634,2009
19833154,2010
19846255,2010
19874903,2010
19876407,2009
19914778,2010
19948223,2010
19948949,2010
19962240,2010
19969094,2010
20005043,2010
20025853,2010
20092946,2010
20144945,2010
20188182,2010
20230933,2010
20236763,2010
20347878,2010
20359825,2010
20382476,2010
20399560,2010
20403508,2010
20417032,2010
20434779,2010
20462805,2010
20471751,2010
20509977,2010
20510372,2010
20537612,2010
20553750,2010
20562317,2011
20609569,2010
20630656,2010
20638178,2010
20643193,2010
20705214,2010
20732744,2010
20817354,2010
20851770,2011
20881115,2010
20943318,2010
20946964,2011
20964954,2011
21029454,2010
21055874,2011
21080967,2010
21083897,2010
21103006,2010
21122817,2011
21126587,2011
21156210,2011
21167644,2011
21179564,2010
21196078,2011
21330218,2011
21344018,2011
21373203,2011
21377797,2011
21389234,2011
21444827,2011
21490964,2011
21514332,2011
21524851,2011
21531077,2011
21533250,2011
21549201,2011
21633873,2011
21645415,2011
21737435,2012
21768205,2012
21798355,2011
21861676,2012
21880911,2011
21945593,2011
21945794,2012
21955439,2012
22073183,2011
22096519,2011
22136749,2012
22154332,2012
22154962,2012
22172578,2012
22227140,2012
22230805,2012
22247623,2011
22327017,2012
22355182,2013
22387096,2012
22428013,2012
22446299,2013
22451259,2013
22480771,2012
22496865,2012
22516588,2012
22539862,2012
22541443,2012
22617632,2012
22674280,2012
22715371,2012
22732556,2012
22738227,2011
22819596,2013
22831862,2012
22836447,2013
22883925,2012
22887480,2014
22894821,2013
22905026,2012
22985900,2012
23000783,2013
23006804,2013
23056613,2012
23063451,2013
23111164,2013
23118929,2012
23119093,2012
23121899,2013
23140909,2013
23200718,2013
23201307,2013
23201367,2013
23232145,2013
23246778,2014
23273106,2013
23290550,2013
23314221,2013
23318125,2013
23318128,2013
23327932,2014
23341872,2013
23352757,2013
23415452,2013
23419861,2013
23460913,2013
23468832,2013
23481626,2013
23482622,2014
23485849,2013
23498869,2013
23528204,2013
23533065,2013
23566889,2013
23582154,2013
23664683,2013
23673251,2013
23685021,2013
23693160,2013
23696275,2014
23714265,2013
23718988,2013
23743257,2013
23752177,2013
23769719,2013
23769917,2013
23770622,2014
23791896,2013
23792281,2013
23853664,2013
23864686,2013
23867733,2013
23887819,2014
23893848,2014
23922941,2013
23932237,2013
23983029,2013
24032012,2013
24040178,2013
24062659,2013
24093010,2013
24099953,2014
24125807,2013
24135167,2014
24135432,2013
24135433,2013
24147129,2013
24155006,2014
24167496,2013
24179860,2013
24182659,2013
24212070,2014
24229849,2014
24260163,2013
24269492,2014
24273710,2013
24287441,2014
24335219,2014
24376780,2013
24399043,2014
24416397,2014
24418504,2014
24424389,2014
24468081,2014
24555993,2014
24595036,2014
24612493,2014
24657460,2014
24667015,2014
24751570,2014
24769366,2014
24796219,2014
24821143,2014
24821182,2014
24845572,2014
24861582,2014
24882196,2014
24905072,2014
24915066,2014
24932546,2014
24936419,2014
24936434,2014
25047783,2014
25080831,2014
25100974,2014
25107855,2014
25128878,2014
25140048,2015
25161897,2014
25168605,2014
25210471,2014
25211175,2015
25242566,2014
25258037,2014
25258246,2014
25275449,2014
25275613,2014
25339739,2014
25355207,2014
25379421,2014
25379438,2014
25379449,2014
25379455,2014
25389905,2014
25446453,2015
25452576,2015
25454279,2015
25461267,2015
25475348,2015
25479021,2015
25515312,2016
25516481,2014
25528104,2015
25605968,2015
25610798,2015
25615578,2015
25623806,2015
25628915,2015
25659463,2015
25671563,2015
25754503,2015
25776211,2015
25776216,2015
25776930,2015
25795103,2015
25800210,2015
25818690,2015
25825813,2015
25882910,2015
25895592,2015
25929675,2015
25964499,2015
25979666,2015
25995134,2015
26004678,2015
26022539,2015
26061382,2015
26106574,2015
26117812,2015
26123376,2015
26161117,2015
26162551,2015
26173182,2015
26185465,2015
26229445,2015
26279210,2015
26291276,2015
26317858,2015
26343321,2016
26388554,2016
26392031,2015
26441569,2015
26463677,2015
26477652,2016
26485382,2015
26496709,2015
26508861,2015
26511911,2015
26569602,2015
26586819,2015
26589334,2016
26688226,2016
26696719,2015
26727304,2016
26820995,2016
26833066,2016
26834606,2015
26839078,2016
26842987,2016
26854560,2016
26899786,2016
26922333,2015
26967589,2016
26990646,2016
27010666,2016
27012986,2016
27015710,2016
27055741,2016
27058164,2016
27062952,2016
27068285,2016
27102895,2016
27242579,2016
27284013,2016
27309348,2016
27378028,2016
27448273,2016
27448744,2016
27466345,2016
27489536,2016
27504262,2016
27507941,2016
27517967,2016
27670428,2016
27694920,2016
27695361,2016
27746728,2016
27766076,2016
27776130,2016
27798249,2017
27806119,2016
27826209,2016
27844456,2016
27881958,2016
27892543,2016
28057931,2017
28096471,2017
28116559,2017
28119505,2017
28119507,2017
28123377,2016
28192274,2017
28192648,2017
28229931,2017
28259800,2017
28300650,2017
28338790,2017
28338955,2017
28356560,2017
28392711,2017
28446211,2017
28453543,2017
28512439,2017
28523214,2017
28556774,2017
28669784,2017
28692702,2017
28701932,2017
28701940,2017
28823587,2017
28850382,2017
28880891,2017
28915853,2017
28928643,2017
