roi,kind,R_mm,k,n,rate,lo,hi
dACC,cortical,6,35,484,0.07231404958677685,0.05245235052713282,0.09891153479957979
dACC,cortical,8,59,484,0.12190082644628099,0.09569297754014681,0.15406350079216433
dACC,cortical,10,95,484,0.1962809917355372,0.16334578748934375,0.23399958035136526
dACC,cortical,12,128,484,0.2644628099173554,0.2271354280035357,0.30549975521987127
aInsula_L,cortical,6,37,484,0.07644628099173553,0.0559678734969699,0.10359539458020924
aInsula_L,cortical,8,65,484,0.13429752066115702,0.10678294376467617,0.16757168281903462
aInsula_L,cortical,10,115,484,0.23760330578512398,0.2018442992604867,0.27749489608488775
aInsula_L,cortical,12,166,484,0.34297520661157027,0.3020686819565647,0.38635477352570663
aInsula_R,cortical,6,54,484,0.1115702479338843,0.08652361348052248,0.1427344079756223
aInsula_R,cortical,8,89,484,0.18388429752066116,0.15190684644500757,0.22084037314430177
aInsula_R,cortical,10,121,484,0.25,0.2134929714481656,0.2904443721486084
aInsula_R,cortical,12,177,484,0.365702479338843,0.3240076766888183,0.409512383921019
S1,cortical,6,11,484,0.022727272727272728,0.01273689964903568,0.04023439267207838
S1,cortical,8,26,484,0.05371900826446281,0.03691962628785593,0.07754703666175722
S1,cortical,10,43,484,0.08884297520661157,0.06662608062551091,0.11753533570306786
S1,cortical,12,63,484,0.13016528925619836,0.10307642572622938,0.1630788181070149
S2,cortical,6,41,484,0.08471074380165289,0.0630559842455483,0.11290604933256394
S2,cortical,8,58,484,0.11983471074380166,0.09385358248846351,0.15180320446861437
S2,cortical,10,87,484,0.1797520661157025,0.1481064843980985,0.21644135244074433
S2,cortical,12,119,484,0.24586776859504134,0.20960536559423584,0.2861325952520717
Thalamus,subcortical,6,22,484,0.045454545454545456,0.03020624467194503,0.06786165277673503
Thalamus,subcortical,8,41,484,0.08471074380165289,0.0630559842455483,0.11290604933256394
Thalamus,subcortical,10,83,484,0.17148760330578514,0.14052569564835327,0.20762337568955647
Thalamus,subcortical,12,128,484,0.2644628099173554,0.2271354280035357,0.30549975521987127
PAG,subcortical,6,25,484,0.05165289256198347,0.035228395538150395,0.07513857603622949
PAG,subcortical,8,54,484,0.1115702479338843,0.08652361348052248,0.1427344079756223
PAG,subcortical,10,77,484,0.1590909090909091,0.1292072211205765,0.19434370196593356
PAG,subcortical,12,99,484,0.20454545454545456,0.17100178935910051,0.2427423439825416
Parabrachial,subcortical,6,8,484,0.01652892561983471,0.008398632060585255,0.032273586134828995
Parabrachial,subcortical,8,15,484,0.030991735537190084,0.018869621900182015,0.050500435921865136
Parabrachial,subcortical,10,22,484,0.045454545454545456,0.03020624467194503,0.06786165277673503
Parabrachial,subcortical,12,44,484,0.09090909090909091,0.06841716399370111,0.11984394371011096
Hypothalamus,subcortical,6,10,484,0.02066115702479339,0.011260577193279244,0.037611023752601544
Hypothalamus,subcortical,8,16,484,0.03305785123966942,0.02044883422997835,0.053020914967302074
Hypothalamus,subcortical,10,27,484,0.05578512396694215,0.03861869294534753,0.0799476613794989
Hypothalamus,subcortical,12,44,484,0.09090909090909091,0.06841716399370111,0.11984394371011096
Amygdala,subcortical,6,22,484,0.045454545454545456,0.03020624467194503,0.06786165277673503
Amygdala,subcortical,8,50,484,0.10330578512396695,0.0792410310233521,0.1336182249318596
Amygdala,subcortical,10,78,484,0.16115702479338842,0.13108904645257213,0.19656156800917118
Amygdala,subcortical,12,102,484,0.21074380165289255,0.1767587879269367,0.24928441954040517
