region,kind,anchoring_mean,anchoring_max,n_terms
posterior insula,cortical,0.1873900592327118,0.2782318592071533,2
anterior insula,cortical,0.18383106589317322,0.3382415175437927,4
S2,cortical,0.15259993076324463,0.2827645540237427,4
S1,cortical,0.14248844981193542,0.26452338695526123,5
aMCC,cortical,0.13280703127384186,0.16048473119735718,3
ACC,cortical,0.10586848109960556,0.29662930965423584,6
Thalamus,subcortical,0.1661747694015503,0.2945038378238678,3
PAG,subcortical,0.11804797500371933,0.28047505021095276,5
NAc,subcortical,0.09869562834501266,0.16055084764957428,4
Amygdala,subcortical,0.09850907325744629,0.3144627511501312,5
RVM,subcortical,0.08055204153060913,0.08055204153060913,1
Hypothalamus,subcortical,0.07613226771354675,0.20846259593963623,6
Parabrachial,subcortical,0.069219209253788,0.10287804901599884,3
