year,n,cortical_mean,subcortical_mean,ratio
2005,17,0.1411764705882353,0.011764705882352941,12.0
2006,17,0.058823529411764705,0.011764705882352941,5.0
2007,25,0.152,0.08,1.9
2008,31,0.1225806451612903,0.012903225806451613,9.499999999999998
2009,31,0.09032258064516127,0.058064516129032254,1.5555555555555554
2010,44,0.06818181818181818,0.04090909090909091,1.6666666666666665
2011,31,0.0967741935483871,0.03225806451612903,3.0
2012,30,0.04666666666666667,0.053333333333333344,0.8749999999999999
2013,66,0.05454545454545454,0.03636363636363636,1.5
2014,60,0.056666666666666664,0.04666666666666667,1.2142857142857142
2015,56,0.06785714285714285,0.03214285714285714,2.111111111111111
2016,46,0.05217391304347826,0.017391304347826087,3.0
2017,29,0.034482758620689655,0.020689655172413793,1.6666666666666667
